Symbol,Name,LastSale,MarketCap,IPOyear,Sector,industry,Summary Quote
XXII,"22nd Century Group, Inc",1.95,$243.09M,n/a,Consumer Non-Durables,Farming/Seeds/Milling,https://www.nasdaq.com/symbol/xxii
FAX,Aberdeen Asia-Pacific Income Fund Inc,4.12,$1.03B,1986,n/a,n/a,https://www.nasdaq.com/symbol/fax
IAF,Aberdeen Australia Equity Fund Inc,5.34,$121.44M,n/a,n/a,n/a,https://www.nasdaq.com/symbol/iaf
AEF,"Aberdeen Emerging Markets Equity Income Fund, Inc.",7.22,$431.09M,n/a,n/a,n/a,https://www.nasdaq.com/symbol/aef
FCO,"Aberdeen Global Income Fund, Inc.",8.23,$71.81M,1992,n/a,n/a,https://www.nasdaq.com/symbol/fco
ACU,Acme United Corporation.,22.5,$75.42M,1988,Capital Goods,Industrial Machinery/Components,https://www.nasdaq.com/symbol/acu
ATNM,"Actinium Pharmaceuticals, Inc.",0.2649,$42.92M,n/a,Health Care,Major Pharmaceuticals,https://www.nasdaq.com/symbol/atnm
AE,"Adams Resources & Energy, Inc.",31.81,$134.17M,n/a,Energy,Oil Refining/Marketing,https://www.nasdaq.com/symbol/ae
ACY,AeroCentury Corp.,7.26,$11.22M,n/a,Technology,Diversified Commercial Services,https://www.nasdaq.com/symbol/acy
UAVS,"AgEagle Aerial Systems, Inc.",0.28,$4.19M,n/a,Capital Goods,Aerospace,https://www.nasdaq.com/symbol/uavs
AGE,"AgeX Therapeutics, Inc.",3.83,$144.12M,2018,Health Care,Major Pharmaceuticals,https://www.nasdaq.com/symbol/age
AIRI,Air Industries Group,1,$28.66M,n/a,Capital Goods,Military/Government/Technical,https://www.nasdaq.com/symbol/airi
AXU,Alexco Resource Corp,1.15,$134.54M,n/a,Basic Industries,Precious Metals,https://www.nasdaq.com/symbol/axu
ALO,Alio Gold Inc.,0.7278,$61.65M,2011,Basic Industries,Precious Metals,https://www.nasdaq.com/symbol/alo
AAU,"Almaden Minerals, Ltd.",0.6233,$69.64M,2015,Basic Industries,Precious Metals,https://www.nasdaq.com/symbol/aau
APT,"Alpha Pro Tech, Ltd.",3.54,$47.85M,n/a,Health Care,Industrial Specialties,https://www.nasdaq.com/symbol/apt
AAMC,Altisource Asset Management Corp,14,$22.25M,n/a,Finance,Real Estate,https://www.nasdaq.com/symbol/aamc
AMBO,Ambow Education Holding Ltd.,3.95,$85.84M,n/a,Consumer Services,Other Consumer Services,https://www.nasdaq.com/symbol/ambo
DIT,AMCON Distributing Company,98,$58.09M,n/a,Consumer Non-Durables,Food Distributors,https://www.nasdaq.com/symbol/dit
AMS,American Shared Hospital Services,3.03,$17.31M,n/a,Health Care,Medical Specialities,https://www.nasdaq.com/symbol/ams
USAS,Americas Silver Corporation,2.15,$167.25M,2017,Basic Industries,Precious Metals,https://www.nasdaq.com/symbol/usas
AMPE,"Ampio Pharmaceuticals, Inc.",0.429,$47.92M,n/a,Health Care,Major Pharmaceuticals,https://www.nasdaq.com/symbol/ampe
ARNC^,Arconic Inc.,88.0175,n/a,n/a,n/a,n/a,https://www.nasdaq.com/symbol/arnc^
ARMP,"Armata Pharmaceuticals, Inc.",2.78,$27.69M,n/a,Health Care,Biotechnology: Biological Products (No Diagnostic Substances),https://www.nasdaq.com/symbol/armp
AKG,Asanko Gold Inc.,0.6002,$135.53M,n/a,Basic Industries,Mining & Quarrying of Nonmetallic Minerals (No Fuels),https://www.nasdaq.com/symbol/akg
AINC,Ashford Inc.,34.2,$84.48M,2014,Consumer Services,Professional Services,https://www.nasdaq.com/symbol/ainc
AUG,Auryn Resources Inc.,1.69,$159.72M,n/a,Basic Industries,Precious Metals,https://www.nasdaq.com/symbol/aug
AWX,Avalon Holdings Corporation,2.35,$9.11M,n/a,Public Utilities,Environmental Services,https://www.nasdaq.com/symbol/awx
ASM,Avino Silver,0.52,$33.81M,n/a,Basic Industries,Precious Metals,https://www.nasdaq.com/symbol/asm
BTG,B2Gold Corp,2.91,$2.92B,n/a,Basic Industries,Precious Metals,https://www.nasdaq.com/symbol/btg
BTN,"Ballantyne Strong, Inc",3.09,$44.86M,n/a,Miscellaneous,Industrial Machinery/Components,https://www.nasdaq.com/symbol/btn
BKJ,"Bancorp of New Jersey, Inc",13.42,$97.88M,n/a,Finance,Major Banks,https://www.nasdaq.com/symbol/bkj
BCV,Bancroft Fund Limited,22.19,$116.61M,n/a,n/a,n/a,https://www.nasdaq.com/symbol/bcv
BCV^A,Bancroft Fund Limited,25.82,n/a,n/a,n/a,n/a,https://www.nasdaq.com/symbol/bcv^a
BHB,"Bar Harbor Bankshares, Inc.",24.17,$375.23M,n/a,Finance,Major Banks,https://www.nasdaq.com/symbol/bhb
BRN,"Barnwell Industries, Inc.",1.12,$9.27M,n/a,Energy,Oil & Gas Production,https://www.nasdaq.com/symbol/brn
BGSF,BG Staffing Inc,18.3,$187.21M,n/a,Technology,Professional Services,https://www.nasdaq.com/symbol/bgsf
BIOX,Bioceres Crop Solutions Corp.,5.1747,$186.91M,2018,Basic Industries,Agricultural Chemicals,https://www.nasdaq.com/symbol/biox
BIOX.WS,Bioceres Crop Solutions Corp.,n/a,n/a,n/a,n/a,n/a,https://www.nasdaq.com/symbol/biox.ws
BPMX,BioPharmX Corporation,0.8936,$9.55M,2015,Health Care,Major Pharmaceuticals,https://www.nasdaq.com/symbol/bpmx
BTX,"BioTime, Inc.",1.08,$161.61M,n/a,Health Care,Biotechnology: Biological Products (No Diagnostic Substances),https://www.nasdaq.com/symbol/btx
BGI,Birks Group Inc.,0.91,$16.34M,n/a,Consumer Services,Consumer Specialties,https://www.nasdaq.com/symbol/bgi
BKTI,BK Technologies Corporation,4.11,$52.21M,n/a,Technology,Radio And Television Broadcasting And Communications Equipment,https://www.nasdaq.com/symbol/bkti
BDR,"Blonder Tongue Laboratories, Inc.",0.937,$8.99M,n/a,Technology,Radio And Television Broadcasting And Communications Equipment,https://www.nasdaq.com/symbol/bdr
BRG,"Bluerock Residential Growth REIT, Inc.",11.68,$263.21M,2014,Consumer Services,Real Estate Investment Trusts,https://www.nasdaq.com/symbol/brg
BRG^A,"Bluerock Residential Growth REIT, Inc.",26.77,n/a,n/a,n/a,n/a,https://www.nasdaq.com/symbol/brg^a
BRG^C,"Bluerock Residential Growth REIT, Inc.",26.6303,n/a,n/a,n/a,n/a,https://www.nasdaq.com/symbol/brg^c
BRG^D,"Bluerock Residential Growth REIT, Inc.",25.87,n/a,n/a,n/a,n/a,https://www.nasdaq.com/symbol/brg^d
DMF,BNY Mellon Municipal Income Inc.,8.51,$176.55M,1988,n/a,n/a,https://www.nasdaq.com/symbol/dmf
BWL.A,"Bowl America, Inc.",n/a,n/a,n/a,n/a,n/a,https://www.nasdaq.com/symbol/bwl.a
CMCL,Caledonia Mining Corporation Plc,6.03,$64.82M,n/a,Basic Industries,Precious Metals,https://www.nasdaq.com/symbol/cmcl
CEI,"Camber Energy, Inc.",0.155,$3.1M,n/a,Energy,Oil & Gas Production,https://www.nasdaq.com/symbol/cei
CANF,Can-Fite Biopharma Ltd,2.96,$9.84M,n/a,Health Care,Major Pharmaceuticals,https://www.nasdaq.com/symbol/canf
ROX,"Castle Brands, Inc.",0.524,$88.64M,2006,Consumer Non-Durables,Beverages (Production/Distribution),https://www.nasdaq.com/symbol/rox
YCBD,"cbdMD, Inc.",6.06,$167.99M,2017,Consumer Non-Durables,Package Goods/Cosmetics,https://www.nasdaq.com/symbol/ycbd
CVM,Cel-Sci Corporation,8.03,$270.63M,n/a,Health Care,Biotechnology: Biological Products (No Diagnostic Substances),https://www.nasdaq.com/symbol/cvm
CET,Central Securities Corporation,30.22,$770.09M,n/a,n/a,n/a,https://www.nasdaq.com/symbol/cet
LEU,Centrus Energy Corp.,3.1,$29.32M,2014,Basic Industries,Mining & Quarrying of Nonmetallic Minerals (No Fuels),https://www.nasdaq.com/symbol/leu
CHAC,Chardan Healthcare Acquisition Corp.,9.81,$85.84M,2019,Finance,Business Services,https://www.nasdaq.com/symbol/chac
CHAC.U,Chardan Healthcare Acquisition Corp.,n/a,n/a,2018,n/a,n/a,https://www.nasdaq.com/symbol/chac.u
CHAC.WS,Chardan Healthcare Acquisition Corp.,n/a,n/a,n/a,n/a,n/a,https://www.nasdaq.com/symbol/chac.ws
CCF,Chase Corporation,103.09,$970.32M,n/a,Consumer Durables,Building Products,https://www.nasdaq.com/symbol/ccf
CQP,"Cheniere Energy Partners, LP",41.37,$20.02B,2007,Public Utilities,Oil/Gas Transmission,https://www.nasdaq.com/symbol/cqp
LNG,"Cheniere Energy, Inc.",68.91,$17.74B,n/a,Public Utilities,Oil/Gas Transmission,https://www.nasdaq.com/symbol/lng
CVR,Chicago Rivet & Machine Co.,29.19,$28.2M,n/a,Technology,Industrial Machinery/Components,https://www.nasdaq.com/symbol/cvr
CPHI,"China Pharma Holdings, Inc.",0.2889,$12.59M,n/a,Health Care,Major Pharmaceuticals,https://www.nasdaq.com/symbol/cphi
CKX,"CKX Lands, Inc.",10.14,$19.7M,n/a,Energy,Oil & Gas Production,https://www.nasdaq.com/symbol/ckx
CCC.WS,Clarivate Analytics Plc,n/a,n/a,n/a,n/a,n/a,https://www.nasdaq.com/symbol/ccc.ws
GLV,Clough Global Dividend and Income Fund,11.19,$78.4M,2004,n/a,n/a,https://www.nasdaq.com/symbol/glv
GLQ,Clough Global Equity Fund,12.87,$141.9M,2005,n/a,n/a,https://www.nasdaq.com/symbol/glq
GLO,Clough Global Opportunities Fund,9.36,$301.62M,2006,n/a,n/a,https://www.nasdaq.com/symbol/glo
COHN,Cohen & Company Inc.,4.75,$5.78M,n/a,Finance,Investment Bankers/Brokers/Service,https://www.nasdaq.com/symbol/cohn
CIX,CompX International Inc.,14.28,$177.58M,1998,Capital Goods,Industrial Machinery/Components,https://www.nasdaq.com/symbol/cix
LODE,"Comstock Mining, Inc.",0.19,$15.45M,n/a,Basic Industries,Precious Metals,https://www.nasdaq.com/symbol/lode
CDOR,"Condor Hospitality Trust, Inc.",8.24,$98.23M,n/a,Consumer Services,Real Estate Investment Trusts,https://www.nasdaq.com/symbol/cdor
CTO,Consolidated-Tomoka Land Co.,59.02,$292.18M,n/a,Finance,Real Estate,https://www.nasdaq.com/symbol/cto
MCF,Contango Oil & Gas Company,1.95,$77.74M,n/a,Energy,Oil & Gas Production,https://www.nasdaq.com/symbol/mcf
CUO,Continental Materials Corporation,16.49,$28.29M,n/a,Capital Goods,Building Materials,https://www.nasdaq.com/symbol/cuo
CMT,Core Molding Technologies Inc,7.62,$62.07M,n/a,Consumer Non-Durables,Plastic Products,https://www.nasdaq.com/symbol/cmt
CVRS,"Corindus Vascular Robotics, Inc.",3.13,$646.97M,2015,Health Care,Medical/Dental Instruments,https://www.nasdaq.com/symbol/cvrs
CRMD,CorMedix Inc.,7.97,$189.8M,n/a,Health Care,Major Pharmaceuticals,https://www.nasdaq.com/symbol/crmd
CRF,"Cornerstone Strategic Return Fund, Inc. (The)",11.37,$437.67M,n/a,n/a,n/a,https://www.nasdaq.com/symbol/crf
CLM,"Cornerstone Strategic Value Fund, Inc.",11.7,$851.91M,1987,n/a,n/a,https://www.nasdaq.com/symbol/clm
CVU,"CPI Aerostructures, Inc.",8.51,$100.58M,n/a,Capital Goods,Military/Government/Technical,https://www.nasdaq.com/symbol/cvu
CIK,"Credit Suisse Asset Management Income Fund, Inc.",3.09,$161.62M,n/a,n/a,n/a,https://www.nasdaq.com/symbol/cik
DHY,Credit Suisse High Yield Bond Fund,2.5,$258.66M,1998,n/a,n/a,https://www.nasdaq.com/symbol/dhy
CRHM,CRH Medical Corporation,2.95,$210.69M,2015,Health Care,Medical/Nursing Services,https://www.nasdaq.com/symbol/crhm
CTEK,"CynergisTek, Inc.",4.85,$47.4M,2017,Miscellaneous,Business Services,https://www.nasdaq.com/symbol/ctek
DXR,Daxor Corporation,8.03,$30.09M,n/a,Health Care,Medical/Dental Instruments,https://www.nasdaq.com/symbol/dxr
VCF,"Delaware Investments Colorado Municipal Income Fund, Inc",14.426,$69.78M,1993,n/a,n/a,https://www.nasdaq.com/symbol/vcf
VFL,Delaware Investments Florida Insured Municipal Income Fund,13.11,$59.37M,1993,n/a,n/a,https://www.nasdaq.com/symbol/vfl
VMM,"Delaware Investments Minnesota Municipal Income Fund II, Inc.",12.8,$147.26M,1993,n/a,n/a,https://www.nasdaq.com/symbol/vmm
DLA,"Delta Apparel, Inc.",23.76,$164.79M,n/a,Consumer Non-Durables,Apparel,https://www.nasdaq.com/symbol/dla
DNN,Denison Mine Corp,0.5393,$317.95M,n/a,Basic Industries,Precious Metals,https://www.nasdaq.com/symbol/dnn
DGSE,"DGSE Companies, Inc.",1.33,$35.81M,n/a,Consumer Services,Consumer Specialties,https://www.nasdaq.com/symbol/dgse
DSS,"Document Security Systems, Inc.",0.47,$8.46M,n/a,Consumer Durables,Containers/Packaging,https://www.nasdaq.com/symbol/dss
DPW,"DPW Holdings, Inc.",0.15,$5.66M,n/a,Capital Goods,Industrial Machinery/Components,https://www.nasdaq.com/symbol/dpw
DXF,Dunxin Financial Holdings Limited,2.13,$44.41M,n/a,Finance,Finance: Consumer Services,https://www.nasdaq.com/symbol/dxf
GRF,"Eagle Capital Growth Fund, Inc.",7.75,$30.17M,n/a,n/a,n/a,https://www.nasdaq.com/symbol/grf
EVM,Eaton Vance California Municipal Bond Fund,10.97,$276.63M,2002,n/a,n/a,https://www.nasdaq.com/symbol/evm
CEV,Eaton Vance California Municipal Income Trust,12.37,$88.24M,1999,n/a,n/a,https://www.nasdaq.com/symbol/cev
EVV,Eaton Vance Limited Duration Income Fund,12.71,$1.48B,2003,n/a,n/a,https://www.nasdaq.com/symbol/evv
EIM,Eaton Vance Municipal Bond Fund,12.42,$999.47M,2002,n/a,n/a,https://www.nasdaq.com/symbol/eim
ENX,Eaton Vance New York Municipal Bond Fund,12.06,$218.51M,2002,n/a,n/a,https://www.nasdaq.com/symbol/enx
EVY,Eaton Vance New York Municipal Income Trust,12.92,$70.34M,1999,n/a,n/a,https://www.nasdaq.com/symbol/evy
ELMD,"Electromed, Inc.",5.48,$46.08M,2011,Health Care,Biotechnology: Electromedical & Electrotherapeutic Apparatus,https://www.nasdaq.com/symbol/elmd
ELLO,Ellomay Capital Ltd.,10.25,$109.46M,n/a,Public Utilities,Electric Utilities: Central,https://www.nasdaq.com/symbol/ello
ECF,Ellsworth Growth and Income Fund Ltd.,10.19,$132.71M,1986,n/a,n/a,https://www.nasdaq.com/symbol/ecf
ECF^A,Ellsworth Growth and Income Fund Ltd.,25.1952,n/a,n/a,n/a,n/a,https://www.nasdaq.com/symbol/ecf^a
EMAN,eMagin Corporation,0.478,$23.51M,n/a,Technology,Semiconductors,https://www.nasdaq.com/symbol/eman
MSN,Emerson Radio Corporation,1.05,$22.09M,n/a,Consumer Non-Durables,Consumer Electronics/Appliances,https://www.nasdaq.com/symbol/msn
EMX,EMX Royalty Corporation,1.2122,$99.28M,n/a,Basic Industries,Precious Metals,https://www.nasdaq.com/symbol/emx
UUUU,Energy Fuels Inc,3.23,$302.06M,n/a,Basic Industries,Mining & Quarrying of Nonmetallic Minerals (No Fuels),https://www.nasdaq.com/symbol/uuuu
UUUU.WS,Energy Fuels Inc,n/a,n/a,n/a,n/a,n/a,https://www.nasdaq.com/symbol/uuuu.ws
ENSV,ENSERVCO Corporation,0.4543,$24.67M,n/a,Energy,Oilfield Services/Equipment,https://www.nasdaq.com/symbol/ensv
EGI,Entree Resources Ltd.,0.3243,$56.71M,2017,Basic Industries,Precious Metals,https://www.nasdaq.com/symbol/egi
ESP,Espey Mfg. & Electronics Corp.,25,$60.02M,n/a,Capital Goods,Industrial Machinery/Components,https://www.nasdaq.com/symbol/esp
EVBN,"Evans Bancorp, Inc.",34.22,$167.11M,n/a,Finance,Major Banks,https://www.nasdaq.com/symbol/evbn
EVI,"EVI Industries, Inc.",33.9,$397.86M,n/a,Consumer Services,Other Consumer Services,https://www.nasdaq.com/symbol/evi
EPM,"Evolution Petroleum Corporation, Inc.",6.88,$228.32M,n/a,Energy,Oil & Gas Production,https://www.nasdaq.com/symbol/epm
FEN,First Trust Energy Income and Growth Fund,22.11,$441.85M,2004,n/a,n/a,https://www.nasdaq.com/symbol/fen
BDL,"Flanigan&#39;s Enterprises, Inc.",22.51,$41.84M,n/a,Consumer Services,Restaurants,https://www.nasdaq.com/symbol/bdl
FSI,Flexible Solutions International Inc.,3.75,$44.01M,n/a,Basic Industries,Major Chemicals,https://www.nasdaq.com/symbol/fsi
FTF,Franklin Limited Duration Income Trust,9.65,$290.84M,2003,n/a,n/a,https://www.nasdaq.com/symbol/ftf
FSP,Franklin Street Properties Corp.,7.58,$812.81M,n/a,Consumer Services,Real Estate Investment Trusts,https://www.nasdaq.com/symbol/fsp
FRD,Friedman Industries Inc.,6.83,$47.87M,n/a,Capital Goods,Steel/Iron Ore,https://www.nasdaq.com/symbol/frd
FTNW,"FTE Networks, Inc.",1.4,$34.41M,n/a,Public Utilities,Telecommunications Equipment,https://www.nasdaq.com/symbol/ftnw
GGN,"GAMCO Global Gold, Natural Reources & Income Trust ",4.54,$618.93M,2005,n/a,n/a,https://www.nasdaq.com/symbol/ggn
GGN^B,"GAMCO Global Gold, Natural Reources & Income Trust ",24.2135,n/a,n/a,n/a,n/a,https://www.nasdaq.com/symbol/ggn^b
JOB,GEE Group Inc.,0.88,$10.61M,n/a,Technology,Diversified Commercial Services,https://www.nasdaq.com/symbol/job
GMO,"General Moly, Inc",0.3542,$42.62M,n/a,Basic Industries,Precious Metals,https://www.nasdaq.com/symbol/gmo
GSB,"GlobalSCAPE, Inc.",10.76,$185.27M,n/a,Technology,Computer Software: Prepackaged Software,https://www.nasdaq.com/symbol/gsb
GSAT,"Globalstar, Inc.",0.5549,$804.67M,2006,Consumer Services,Telecommunications Equipment,https://www.nasdaq.com/symbol/gsat
GLOW,"Glowpoint, Inc.",0.85,$4.33M,n/a,Public Utilities,Telecommunications Equipment,https://www.nasdaq.com/symbol/glow
GORO,Gold Resource Corporation,3.28,$204.71M,n/a,Basic Industries,Precious Metals,https://www.nasdaq.com/symbol/goro
GSV,Gold Standard Ventures Corporation,1,$260.04M,n/a,Basic Industries,Mining & Quarrying of Nonmetallic Minerals (No Fuels),https://www.nasdaq.com/symbol/gsv
AUMN,Golden Minerals Company,0.257,$24.99M,n/a,Basic Industries,Precious Metals,https://www.nasdaq.com/symbol/aumn
GSS,"Golden Star Resources, Ltd",4.35,$473.57M,n/a,Basic Industries,Precious Metals,https://www.nasdaq.com/symbol/gss
GV,Goldfield Corporation (The),2.32,$56.89M,n/a,Basic Industries,Water Supply,https://www.nasdaq.com/symbol/gv
GDP,Goodrich Petroleum Corporation,12.31,$149.6M,2017,Energy,Oil & Gas Production,https://www.nasdaq.com/symbol/gdp
GTE,Gran Tierra Energy Inc.,1.74,$672.22M,n/a,Energy,Oil & Gas Production,https://www.nasdaq.com/symbol/gte
GPL,Great Panther Mining Limited,0.8274,$230.52M,n/a,Basic Industries,Precious Metals,https://www.nasdaq.com/symbol/gpl
SIM,"Grupo Simec, S.A. de C.V.",8.09,$1.33B,1993,Basic Industries,Steel/Iron Ore,https://www.nasdaq.com/symbol/sim
HEB,"Hemispherx BioPharma, Inc.",4.16,$9.15M,n/a,Health Care,Biotechnology: Biological Products (No Diagnostic Substances),https://www.nasdaq.com/symbol/heb
HEXO,HEXO Corp.,5.59,$1.44B,n/a,Consumer Durables,Specialty Chemicals,https://www.nasdaq.com/symbol/hexo
HLM^,Hillman Group Capital Trust,33.48,n/a,n/a,n/a,n/a,https://www.nasdaq.com/symbol/hlm^
HMG,"HMG/Courtland Properties, Inc.",13.17,$13.35M,n/a,Consumer Services,Real Estate Investment Trusts,https://www.nasdaq.com/symbol/hmg
HUSA,Houston American Energy Corporation,0.2161,$13.51M,n/a,Energy,Oil & Gas Production,https://www.nasdaq.com/symbol/husa
IBIO,"iBio, Inc.",0.765,$15.07M,n/a,Health Care,Major Pharmaceuticals,https://www.nasdaq.com/symbol/ibio
IBO,IBO (Listing Market - NYSE Amex Network B F),24.84,n/a,n/a,n/a,n/a,https://www.nasdaq.com/symbol/ibo
IEC,IEC Electronics Corp.,6.37,$65.69M,n/a,Technology,Electrical Products,https://www.nasdaq.com/symbol/iec
IMH,"Impac Mortgage Holdings, Inc.",3.13,$66.3M,1997,Consumer Services,Real Estate Investment Trusts,https://www.nasdaq.com/symbol/imh
IMO,Imperial Oil Limited,27.83,$21.68B,n/a,Energy,Integrated oil Companies,https://www.nasdaq.com/symbol/imo
IOR,"Income Opportunity Realty Investors, Inc.",12.4705,$51.98M,n/a,Consumer Services,Real Estate Investment Trusts,https://www.nasdaq.com/symbol/ior
IGC,India Globalization Capital Inc.,1.63,$64.4M,n/a,Technology,Electronic Components,https://www.nasdaq.com/symbol/igc
INFU,"InfuSystems Holdings, Inc.",4.57,$90.04M,n/a,Health Care,Medical/Dental Instruments,https://www.nasdaq.com/symbol/infu
IHT,InnSuites Hospitality Trust,1.367,$13.09M,n/a,Consumer Services,Real Estate Investment Trusts,https://www.nasdaq.com/symbol/iht
NSPR,InspireMD Inc.,3.46,$4.84M,n/a,Health Care,Medical/Dental Instruments,https://www.nasdaq.com/symbol/nspr
NSPR.WS,InspireMD Inc.,n/a,n/a,n/a,n/a,n/a,https://www.nasdaq.com/symbol/nspr.ws
NSPR.WS.B,InspireMD Inc.,n/a,n/a,n/a,n/a,n/a,https://www.nasdaq.com/symbol/nspr.ws.b
IDN,"Intellicheck, Inc.",5.45,$85.8M,1999,Technology,Computer Software: Prepackaged Software,https://www.nasdaq.com/symbol/idn
INS,Intelligent Systems Corporation,27.19,$240.66M,1992,Technology,Computer Software: Prepackaged Software,https://www.nasdaq.com/symbol/ins
THM,International Tower Hill Mines Ltd,0.575,$107.59M,n/a,Basic Industries,Precious Metals,https://www.nasdaq.com/symbol/thm
INTT,inTest Corporation,4.74,$50.1M,1997,Capital Goods,Electrical Products,https://www.nasdaq.com/symbol/intt
INUV,"Inuvo, Inc",0.37,$12.05M,n/a,Consumer Services,Advertising,https://www.nasdaq.com/symbol/inuv
VKI,Invesco Advantage Municipal Income Trust II,10.87,$482.54M,n/a,n/a,n/a,https://www.nasdaq.com/symbol/vki
ISR,"IsoRay, Inc.",0.44,$29.63M,n/a,Health Care,Medical/Dental Instruments,https://www.nasdaq.com/symbol/isr
ISDR,Issuer Direct Corporation,11.58,$44.64M,n/a,Miscellaneous,Publishing,https://www.nasdaq.com/symbol/isdr
ITP,"IT Tech Packaging, Inc.",0.829,$18.26M,n/a,Consumer Durables,Containers/Packaging,https://www.nasdaq.com/symbol/itp
KIQ,Kelso Technologies Inc,1.47,$68.97M,n/a,Capital Goods,Railroads,https://www.nasdaq.com/symbol/kiq
LTS,Ladenburg Thalmann Financial Services Inc,3.65,$542.75M,n/a,Finance,Investment Bankers/Brokers/Service,https://www.nasdaq.com/symbol/lts
LTS^A,Ladenburg Thalmann Financial Services Inc,24.39,n/a,n/a,n/a,n/a,https://www.nasdaq.com/symbol/lts^a
LTSH,Ladenburg Thalmann Financial Services Inc,25.312,n/a,2019,n/a,n/a,https://www.nasdaq.com/symbol/ltsh
LTSK,Ladenburg Thalmann Financial Services Inc,24.8,n/a,2018,Finance,Investment Bankers/Brokers/Service,https://www.nasdaq.com/symbol/ltsk
LTSL,Ladenburg Thalmann Financial Services Inc,23.6239,n/a,2017,Finance,Investment Bankers/Brokers/Service,https://www.nasdaq.com/symbol/ltsl
LTSF,Ladenburg Thalmann Financial Services Inc.,24.48,n/a,2018,Finance,Investment Bankers/Brokers/Service,https://www.nasdaq.com/symbol/ltsf
LGL,"LGL Group, Inc. (The)",8,$38.98M,n/a,Capital Goods,Industrial Machinery/Components,https://www.nasdaq.com/symbol/lgl
LBY,"Libbey, Inc.",1.7,$37.87M,1993,Capital Goods,Industrial Machinery/Components,https://www.nasdaq.com/symbol/lby
LLEX,"Lilis Energy, Inc.",0.5671,$52M,n/a,Energy,Oil & Gas Production,https://www.nasdaq.com/symbol/llex
MAG,MAG Silver Corporation,11.48,$981.99M,n/a,Basic Industries,Precious Metals,https://www.nasdaq.com/symbol/mag
MHH,"Mastech Digital, Inc",4.837,$53.21M,n/a,Consumer Services,Professional Services,https://www.nasdaq.com/symbol/mhh
MTNB,"Matinas Biopharma Holdings, Inc.",0.826,$118.11M,2017,Health Care,Major Pharmaceuticals,https://www.nasdaq.com/symbol/mtnb
MNI,McClatchy Company (The),2.61,$20.68M,1988,Consumer Services,Newspapers/Magazines,https://www.nasdaq.com/symbol/mni
IPB,"Merrill Lynch & Co., Inc. 6.0518% Index Plus Trust Certificate",26.6758,n/a,n/a,Finance,Finance: Consumer Services,https://www.nasdaq.com/symbol/ipb
MXC,Mexco Energy Corporation,3.8924,$7.94M,n/a,Energy,Oil & Gas Production,https://www.nasdaq.com/symbol/mxc
CCA,MFS California Insured Municipal Trust,11.73,$32.68M,1999,n/a,n/a,https://www.nasdaq.com/symbol/cca
MICR,"Micron Solutions, Inc.",2.57,$7.38M,n/a,Health Care,Biotechnology: Electromedical & Electrotherapeutic Apparatus,https://www.nasdaq.com/symbol/micr
MLSS,"Milestone Scientific, Inc.",0.3322,$13.56M,2015,Health Care,Industrial Specialties,https://www.nasdaq.com/symbol/mlss
MYO,Myomo Inc.,0.8203,$14.03M,2017,Health Care,Industrial Specialties,https://www.nasdaq.com/symbol/myo
NNVC,"NanoViricides, Inc.",0.2426,$18.62M,n/a,Health Care,Biotechnology: Commercial Physical & Biological Resarch,https://www.nasdaq.com/symbol/nnvc
ATEST,NASDAQ TEST STOCK,25,n/a,n/a,n/a,n/a,https://www.nasdaq.com/symbol/atest
ATEST.A,NASDAQ TEST STOCK,n/a,n/a,n/a,n/a,n/a,https://www.nasdaq.com/symbol/atest.a
ATEST.B,NASDAQ TEST STOCK,n/a,n/a,n/a,n/a,n/a,https://www.nasdaq.com/symbol/atest.b
ATEST.C,NASDAQ TEST STOCK,n/a,n/a,n/a,n/a,n/a,https://www.nasdaq.com/symbol/atest.c
NHC,National HealthCare Corporation,80.39,$1.23B,n/a,Health Care,Hospital/Nursing Management,https://www.nasdaq.com/symbol/nhc
NAVB,"Navidea Biopharmaceuticals, Inc.",0.6894,$12.45M,n/a,Health Care,Biotechnology: In Vitro & In Vivo Diagnostic Substances,https://www.nasdaq.com/symbol/navb
NTIP,"Network-1 Technologies, Inc.",2.42,$57.53M,n/a,Miscellaneous,Multi-Sector Companies,https://www.nasdaq.com/symbol/ntip
NBW,Neuberger Berman California Municipal Fund Inc,13.55,$75.22M,2002,n/a,n/a,https://www.nasdaq.com/symbol/nbw
NHS,Neuberger Berman High Yield Strategies Fund,11.85,$231.56M,n/a,n/a,n/a,https://www.nasdaq.com/symbol/nhs
NML,Neuberger Berman MLP and Energy Income Fund Inc.,7.52,$426.08M,2013,n/a,n/a,https://www.nasdaq.com/symbol/nml
NBH,Neuberger Berman Municipal Fund Inc.,14.65,$275.48M,2002,n/a,n/a,https://www.nasdaq.com/symbol/nbh
NBO,Neuberger Berman New York Municipal Fund Inc.,12.28,$62.35M,2002,n/a,n/a,https://www.nasdaq.com/symbol/nbo
NRO,"Neuberger Berman Real Estate Securities Income Fund, Inc.",5.18,$245.63M,2003,n/a,n/a,https://www.nasdaq.com/symbol/nro
GBR,"New Concept Energy, Inc",1.79,$9.19M,n/a,Energy,Oil & Gas Production,https://www.nasdaq.com/symbol/gbr
NEN,New England Realty Associates Limited Partnership,58.72,$215.96M,n/a,Consumer Services,Building operators,https://www.nasdaq.com/symbol/nen
NGD,New Gold Inc.,0.7662,$443.72M,n/a,Basic Industries,Precious Metals,https://www.nasdaq.com/symbol/ngd
NXE,Nexgen Energy Ltd.,1.56,$550.89M,n/a,Basic Industries,Precious Metals,https://www.nasdaq.com/symbol/nxe
HLTH,Nobilis Health Corp.,0.1339,$10.48M,2015,Health Care,Hospital/Nursing Management,https://www.nasdaq.com/symbol/hlth
NAK,"Northern Dynasty Minerals, Ltd.",0.4565,$157.78M,n/a,Basic Industries,Precious Metals,https://www.nasdaq.com/symbol/nak
NOG,"Northern Oil and Gas, Inc.",2.09,$806.22M,n/a,Energy,Oil & Gas Production,https://www.nasdaq.com/symbol/nog
NBY,"NovaBay Pharmaceuticals, Inc.",1.92,$36.81M,2007,Health Care,Major Pharmaceuticals,https://www.nasdaq.com/symbol/nby
NG,Novagold Resources Inc.,5.22,$1.7B,n/a,Basic Industries,Precious Metals,https://www.nasdaq.com/symbol/ng
NRCG,NRC Group Holdings Corp.,8.83,$335.98M,2017,Basic Industries,Environmental Services,https://www.nasdaq.com/symbol/nrcg
NRCG.WS,NRC Group Holdings Corp.,n/a,n/a,n/a,n/a,n/a,https://www.nasdaq.com/symbol/nrcg.ws
NTN,"NTN Buzztime, Inc.",3.44,$9.9M,n/a,Consumer Services,Broadcasting,https://www.nasdaq.com/symbol/ntn
NES,"Nuverra Environmental Solutions, Inc.",4.8,$75.4M,2017,Energy,Oilfield Services/Equipment,https://www.nasdaq.com/symbol/nes
OCX,OncoCyte Corporation,4.31,$224M,2015,Health Care,Biotechnology: In Vitro & In Vivo Diagnostic Substances,https://www.nasdaq.com/symbol/ocx
OGEN,Oragenics Inc.,0.4851,$22.38M,n/a,Health Care,Major Pharmaceuticals,https://www.nasdaq.com/symbol/ogen
PCG^A,Pacific Gas & Electric Co.,25.51,n/a,n/a,n/a,n/a,https://www.nasdaq.com/symbol/pcg^a
PCG^B,Pacific Gas & Electric Co.,24,n/a,n/a,n/a,n/a,https://www.nasdaq.com/symbol/pcg^b
PCG^C,Pacific Gas & Electric Co.,21.5675,n/a,n/a,n/a,n/a,https://www.nasdaq.com/symbol/pcg^c
PCG^D,Pacific Gas & Electric Co.,20.3,n/a,n/a,n/a,n/a,https://www.nasdaq.com/symbol/pcg^d
PCG^E,Pacific Gas & Electric Co.,21,n/a,n/a,n/a,n/a,https://www.nasdaq.com/symbol/pcg^e
PCG^G,Pacific Gas & Electric Co.,20.25,n/a,n/a,n/a,n/a,https://www.nasdaq.com/symbol/pcg^g
PCG^H,Pacific Gas & Electric Co.,18.9203,n/a,n/a,n/a,n/a,https://www.nasdaq.com/symbol/pcg^h
PCG^I,Pacific Gas & Electric Co.,19.8,n/a,n/a,n/a,n/a,https://www.nasdaq.com/symbol/pcg^i
PTN,"Palatin Technologies, Inc.",1.34,$272.1M,n/a,Health Care,Major Pharmaceuticals,https://www.nasdaq.com/symbol/ptn
PZG,Paramount Gold Nevada Corp.,0.81,$21.48M,2015,Basic Industries,Precious Metals,https://www.nasdaq.com/symbol/pzg
PRK,Park National Corporation,96.47,$1.61B,n/a,Finance,Major Banks,https://www.nasdaq.com/symbol/prk
PED,Pedevco Corp.,2.12,$96.48M,n/a,Energy,Oil & Gas Production,https://www.nasdaq.com/symbol/ped
PFNX,Pfenex Inc.,6.55,$206.34M,2014,Health Care,Major Pharmaceuticals,https://www.nasdaq.com/symbol/pfnx
HNW,Pioneer Diversified High Income Trust,14.33,$119.41M,2007,n/a,n/a,https://www.nasdaq.com/symbol/hnw
PLAG,Planet Green Holdings Corp,4.58,$30.13M,n/a,Consumer Non-Durables,Packaged Foods,https://www.nasdaq.com/symbol/plag
PLG,Platinum Group Metals Ltd.,1.15,$38.8M,n/a,Basic Industries,Precious Metals,https://www.nasdaq.com/symbol/plg
PLYM,"Plymouth Industrial REIT, Inc.",19.48,$169.5M,2017,Consumer Services,Real Estate Investment Trusts,https://www.nasdaq.com/symbol/plym
PLYM^A,"Plymouth Industrial REIT, Inc.",25.3,n/a,n/a,n/a,n/a,https://www.nasdaq.com/symbol/plym^a
PLM,Polymet Mining Corp.,0.389,$125.34M,n/a,Basic Industries,Precious Metals,https://www.nasdaq.com/symbol/plm
PLM~,Polymet Mining Corp.,0.0001,n/a,n/a,n/a,n/a,https://www.nasdaq.com/symbol/plm~
PW,Power REIT,5.71,$10.68M,n/a,Consumer Services,Real Estate Investment Trusts,https://www.nasdaq.com/symbol/pw
PW^A,Power REIT,25.8048,n/a,n/a,n/a,n/a,https://www.nasdaq.com/symbol/pw^a
PLX,"Protalix BioTherapeutics, Inc.",0.4113,$61.03M,n/a,Health Care,Biotechnology: Biological Products (No Diagnostic Substances),https://www.nasdaq.com/symbol/plx
RLGT,"Radiant Logistics, Inc.",5.7,$282.57M,n/a,Transportation,Oil Refining/Marketing,https://www.nasdaq.com/symbol/rlgt
RFL,"Rafael Holdings, Inc.",25.36,$353.26M,2018,Finance,Real Estate,https://www.nasdaq.com/symbol/rfl
UTG,Reaves Utility Income Fund,35.87,$1.75B,2004,n/a,n/a,https://www.nasdaq.com/symbol/utg
RHE,"Regional Health Properties, Inc.",1.88,$3.17M,2017,Health Care,Hospital/Nursing Management,https://www.nasdaq.com/symbol/rhe
RHE^A,"Regional Health Properties, Inc.",3.1446,n/a,n/a,n/a,n/a,https://www.nasdaq.com/symbol/rhe^a
RCG,"RENN Fund, Inc.",1.55,$9.23M,n/a,n/a,n/a,https://www.nasdaq.com/symbol/rcg
RVP,"Retractable Technologies, Inc.",0.7233,$23.63M,n/a,Health Care,Medical/Dental Instruments,https://www.nasdaq.com/symbol/rvp
REI,"Ring Energy, Inc.",3.19,$216.32M,n/a,Energy,Oil & Gas Production,https://www.nasdaq.com/symbol/rei
RIF,RMR Real Estate Income Fund,18.85,$192.31M,n/a,n/a,n/a,https://www.nasdaq.com/symbol/rif
SACH,Sachem Capital Corp.,5.52,$104.36M,2017,Consumer Services,Real Estate Investment Trusts,https://www.nasdaq.com/symbol/sach
SNMP,Sanchez Midstream Partners LP,2.15,$39.35M,n/a,Energy,Oil & Gas Production,https://www.nasdaq.com/symbol/snmp
SAND          ,Sandstorm Gold Ltd,5.67,$1.01B,n/a,Basic Industries,Precious Metals,https://www.nasdaq.com/symbol/sand
SEB,Seaboard Corporation,4085.01,$4.77B,1996,Finance,Investment Bankers/Brokers/Service,https://www.nasdaq.com/symbol/seb
SENS,"Senseonics Holdings, Inc.",2.01,$355.79M,n/a,Capital Goods,Industrial Machinery/Components,https://www.nasdaq.com/symbol/sens
SVT,"Servotronics, Inc.",9.89,$25.52M,n/a,Capital Goods,Industrial Machinery/Components,https://www.nasdaq.com/symbol/svt
SMTS,Sierra Metals Inc.,1.3598,$221.98M,n/a,Basic Industries,Precious Metals,https://www.nasdaq.com/symbol/smts
SIF,"SIFCO Industries, Inc.",2.8542,$16.48M,n/a,Capital Goods,Aerospace,https://www.nasdaq.com/symbol/sif
SVM,Silvercorp Metals Inc.,2.57,$436.9M,n/a,Basic Industries,Precious Metals,https://www.nasdaq.com/symbol/svm
SILV,SilverCrest Metals Inc.,3.97,$340.61M,2018,Basic Industries,Precious Metals,https://www.nasdaq.com/symbol/silv
XPL,Solitario Zinc Corp.,0.35,$20.37M,n/a,Basic Industries,Precious Metals,https://www.nasdaq.com/symbol/xpl
SCE^B,Southern California Edison Company,19.87,n/a,n/a,n/a,n/a,https://www.nasdaq.com/symbol/sce^b
SCE^C,Southern California Edison Company,20.06,n/a,n/a,n/a,n/a,https://www.nasdaq.com/symbol/sce^c
SCE^D,Southern California Edison Company,21.41,n/a,n/a,n/a,n/a,https://www.nasdaq.com/symbol/sce^d
SCE^E,Southern California Edison Company,22.1099,n/a,n/a,n/a,n/a,https://www.nasdaq.com/symbol/sce^e
SGB,Southwest Georgia Financial Corporation,20.23,$51.5M,n/a,Finance,Major Banks,https://www.nasdaq.com/symbol/sgb
LOV,"Spark Networks, Inc.",11.93,$154.95M,2017,Consumer Services,Other Consumer Services,https://www.nasdaq.com/symbol/lov
SRCI,SRC Energy Inc.,4.71,$1.15B,n/a,Energy,Oil & Gas Production,https://www.nasdaq.com/symbol/srci
SDI,Standard Diversified Inc.,19.99,$336.13M,n/a,Consumer Non-Durables,Tobacco,https://www.nasdaq.com/symbol/sdi
SSY,"SunLink Health Systems, Inc.",1.52,$10.62M,n/a,Health Care,Hospital/Nursing Management,https://www.nasdaq.com/symbol/ssy
SDPI,"Superior Drilling Products, Inc.",1.05,$26.29M,2014,Energy,Metal Fabrications,https://www.nasdaq.com/symbol/sdpi
SYN,"Synthetic Biologics, Inc",0.5458,$9M,n/a,Health Care,Major Pharmaceuticals,https://www.nasdaq.com/symbol/syn
TKAT,"Takung Art Co., Ltd.",0.7,$7.88M,n/a,Consumer Services,Other Specialty Stores,https://www.nasdaq.com/symbol/tkat
TALO.WS,"Talos Energy, Inc.",n/a,n/a,n/a,n/a,n/a,https://www.nasdaq.com/symbol/talo.ws
TRX,Tanzanian Gold Corporation,0.7348,$102.15M,n/a,Basic Industries,Precious Metals,https://www.nasdaq.com/symbol/trx
TGB,Taseko Mines Limited,0.5335,$131.34M,n/a,Basic Industries,Precious Metals,https://www.nasdaq.com/symbol/tgb
TGC,"Tengasco, Inc.",0.89,$9.48M,n/a,Energy,Oil & Gas Production,https://www.nasdaq.com/symbol/tgc
GLU,The Gabelli Global Utility and Income Trust,18.65,$100.14M,2004,n/a,n/a,https://www.nasdaq.com/symbol/glu
GLU^A,The Gabelli Global Utility and Income Trust,47.484,n/a,n/a,n/a,n/a,https://www.nasdaq.com/symbol/glu^a
GLU^B,The Gabelli Global Utility and Income Trust,51.69,n/a,n/a,n/a,n/a,https://www.nasdaq.com/symbol/glu^b
GGO,The Gabelli Go Anywhere Trust,14.8338,$23.92M,2016,n/a,n/a,https://www.nasdaq.com/symbol/ggo
GGO^A,The Gabelli Go Anywhere Trust,41.42,n/a,n/a,n/a,n/a,https://www.nasdaq.com/symbol/ggo^a
TDW.WS,Tidewater Inc.,n/a,n/a,n/a,n/a,n/a,https://www.nasdaq.com/symbol/tdw.ws
TMP,Tompkins Financial Corporation,78.93,$1.21B,n/a,Finance,Major Banks,https://www.nasdaq.com/symbol/tmp
TAT,Transatlantic Petroleum Ltd,0.8601,$45.15M,n/a,Energy,Oil & Gas Production,https://www.nasdaq.com/symbol/tat
TRXC,"TransEnterix, Inc.",1.27,$276.02M,n/a,Health Care,Medical/Dental Instruments,https://www.nasdaq.com/symbol/trxc
TMQ,Trilogy Metals Inc.,3.03,$400.39M,n/a,Basic Industries,Precious Metals,https://www.nasdaq.com/symbol/tmq
TPHS,Trinity Place Holdings Inc.,4.11,$131.11M,n/a,Consumer Services,Building operators,https://www.nasdaq.com/symbol/tphs
TRT,Trio-Tech International,3.01,$11.06M,n/a,Technology,Industrial Machinery/Components,https://www.nasdaq.com/symbol/trt
UFAB,"Unique Fabricating, Inc.",3.09,$30.22M,2015,Capital Goods,Auto Parts:O.E.M.,https://www.nasdaq.com/symbol/ufab
UAMY,United States Antimony Corporation,0.4623,$31.63M,n/a,Capital Goods,Metal Fabrications,https://www.nasdaq.com/symbol/uamy
UUU,"Universal Security Instruments, Inc.",1.15,$2.66M,n/a,Technology,Electronic Components,https://www.nasdaq.com/symbol/uuu
UQM,UQM Technologies Inc.,1.64,$92.77M,n/a,Capital Goods,Industrial Machinery/Components,https://www.nasdaq.com/symbol/uqm
URG,Ur Energy Inc,0.9299,$148.65M,n/a,Basic Industries,Precious Metals,https://www.nasdaq.com/symbol/urg
UEC,Uranium Energy Corp.,1.36,$245.73M,n/a,Basic Industries,Precious Metals,https://www.nasdaq.com/symbol/uec
VHC,VirnetX Holding Corp,6.27,$427.01M,n/a,Miscellaneous,Multi-Sector Companies,https://www.nasdaq.com/symbol/vhc
VGZ,Vista Gold Corporation,0.81,$81.12M,n/a,Basic Industries,Precious Metals,https://www.nasdaq.com/symbol/vgz
VNRX,VolitionRX Limited,3.12,$123.18M,2015,Health Care,Biotechnology: In Vitro & In Vivo Diagnostic Substances,https://www.nasdaq.com/symbol/vnrx
VISI,"Volt Information Sciences, Inc.",4.41,$93.54M,n/a,Technology,Professional Services,https://www.nasdaq.com/symbol/visi
EAD,Wells Fargo Income Opportunities Fund,8.13,$547.61M,2003,n/a,n/a,https://www.nasdaq.com/symbol/ead
ERC,Wells Fargo Multi-Sector Income Fund,12.59,$395.97M,2003,n/a,n/a,https://www.nasdaq.com/symbol/erc
ERH,Wells Fargo Utilities and High Income Fund,12.83,$118.77M,2004,n/a,n/a,https://www.nasdaq.com/symbol/erh
WRN,Western Copper and Gold Corporation,0.6758,$70.66M,2011,Basic Industries,Precious Metals,https://www.nasdaq.com/symbol/wrn
WYY,WidePoint Corporation,0.426,$35.93M,n/a,Technology,EDP Services,https://www.nasdaq.com/symbol/wyy
WTT,"Wireless Telecom Group,  Inc.",1.55,$33.02M,n/a,Capital Goods,Electrical Products,https://www.nasdaq.com/symbol/wtt
XTNT,"Xtant Medical Holdings, Inc.",2.98,$39.22M,n/a,Health Care,Biotechnology: Biological Products (No Diagnostic Substances),https://www.nasdaq.com/symbol/xtnt
YUMA,"Yuma Energy, Inc.",0.193,$4.47M,n/a,Energy,Oil & Gas Production,https://www.nasdaq.com/symbol/yuma
ZDGE,"Zedge, Inc.",1.53,$15.85M,2016,Technology,Computer Software: Prepackaged Software,https://www.nasdaq.com/symbol/zdge
ZOM,Zomedica Pharmaceuticals Corp.,0.2493,$26.93M,2017,Health Care,Major Pharmaceuticals,https://www.nasdaq.com/symbol/zom
